Name;Age;Email;City;Country;PhoneNumber;Hobby
adam;18;adam@mymail.com;Jihlava;CZ;420 777 888 900;plavani
petr;15;petr@mymail.com;Jihlava;CZ;420 777 888 901;beh
helena;21;helena@mymail.com;Jihlava;CZ;420 777 888 902;cyklistika
dana;25;dana@mymail.com;Jihlava;CZ;420 777 888 903;cyklistika
daniela;26;dana@mymail.com;Praha;CZ;420 777 888 904;zpev
jan;27;jan@mymail.com;Brno;CZ;420 777 888 905;turistika
tomas;28;tomas@mymail.com;Brno;CZ;420 777 888 906;DIY
tobias;29;tobias@mymail.com;Jihlava;CZ;420 777 888 907;tanec
daniel;30;daniel@mymail.com;Praha;CZ;420 777 888 908;posilovani
vladimir;31;vladimir@mymail.com;Jihlava;CZ;420 777 888 910;hudba
eva;22;eva@mymail.com;Praha;CZ;420 777 888 911;vareni
marek;19;marek@mymail.com;Brno;CZ;420 777 888 912;fotografovani
klara;24;klara@mymail.com;Ostrava;CZ;420 777 888 913;joga
radek;32;radek@mymail.com;Plzen;CZ;420 777 888 914;beh
sona;23;sona@mymail.com;Liberec;CZ;420 777 888 915;cetba
lucie;20;lucie@mymail.com;Olomouc;CZ;420 777 888 916;malovani
michal;33;michal@mymail.com;Hradec Kralove;CZ;420 777 888 917;sachy
ondrej;18;ondrej@mymail.com;Zlin;CZ;420 777 888 918;programovani
karolina;27;karolina@mymail.com;Brno;CZ;420 777 888 919;cestovani
lenka;29;lenka@mymail.com;Praha;CZ;420 777 888 920;beh
tereza;21;tereza@mymail.com;Ceske Budejovice;CZ;420 777 888 921;tanec
lukas;25;lukas@mymail.com;Pardubice;CZ;420 777 888 922;gaming
martin;34;martin@mymail.com;Plzen;CZ;420 777 888 923;fotbal
nikola;26;nikola@mymail.com;Praha;CZ;420 777 888 924;vareni
filip;28;filip@mymail.com;Brno;CZ;420 777 888 925;hudba
veronika;24;veronika@mymail.com;Olomouc;CZ;420 777 888 926;plavani
josef;30;josef@mymail.com;Karlovy Vary;CZ;420 777 888 927;rybareni
andrea;22;andrea@mymail.com;Liberec;CZ;420 777 888 928;zpev
radoslav;35;radoslav@mymail.com;Znojmo;CZ;420 777 888 929;beh
milan;31;milan@mymail.com;Praha;CZ;420 777 888 930;cteni
